년도,주,연령,검출률
2022,1,0-6,0
2022,2,0-6,0
2022,3,0-6,0
2022,4,0-6,0
2022,5,0-6,0
2022,6,0-6,0
2022,7,0-6,0
2022,8,0-6,0
2022,9,0-6,0
2022,10,0-6,0
2022,11,0-6,0
2022,12,0-6,0
2022,13,0-6,0
2022,14,0-6,0
2022,15,0-6,0
2022,16,0-6,0
2022,17,0-6,0
2022,18,0-6,0
2022,19,0-6,0
2022,20,0-6,0
2022,21,0-6,0
2022,22,0-6,0
2022,23,0-6,0
2022,24,0-6,0
2022,25,0-6,0
2022,26,0-6,0
2022,27,0-6,0
2022,28,0-6,0
2022,29,0-6,0
2022,30,0-6,4.2
2022,31,0-6,1.3
2022,32,0-6,4.4
2022,33,0-6,0
2022,34,0-6,1.8
2022,35,0-6,1.3
2022,36,0-6,0.9
2022,37,0-6,0
2022,38,0-6,1.1
2022,39,0-6,0.7
2022,40,0-6,0.6
2022,41,0-6,0
2022,42,0-6,0
2022,43,0-6,0.6
2022,44,0-6,0.7
2022,45,0-6,0.7
2022,46,0-6,1
2022,47,0-6,0
2022,48,0-6,1.5
2022,49,0-6,1.5
2022,50,0-6,2.9
2022,51,0-6,10.1
2022,52,0-6,17.6
2022,53,0-6,16.1
2023,1,0-6,16.5
2023,2,0-6,10.9
2023,3,0-6,10.3
2023,4,0-6,4.3
2023,5,0-6,6.8
2023,6,0-6,8.7
2023,7,0-6,3.4
2023,8,0-6,2.2
2023,9,0-6,2.4
2023,10,0-6,3.7
2023,11,0-6,0.6
2023,12,0-6,3.8
2023,13,0-6,1.5
2023,14,0-6,3.2
2023,15,0-6,2.1
2023,16,0-6,3.4
2023,17,0-6,5.7
2023,18,0-6,7.5
2023,19,0-6,8.4
2023,20,0-6,8.3
2023,21,0-6,6.1
2023,22,0-6,5.1
2023,23,0-6,3
2023,24,0-6,5.3
2023,25,0-6,1
2023,26,0-6,3
2023,27,0-6,2
2023,28,0-6,2.9
2023,29,0-6,2.8
2023,30,0-6,7.1
2023,31,0-6,4.1
2023,32,0-6,4.2
2023,33,0-6,2
2023,34,0-6,0
2023,35,0-6,0.7
2023,36,0-6,2.5
2023,37,0-6,3.1
2023,38,0-6,7.3
2023,39,0-6,14
2023,40,0-6,10.8
2023,41,0-6,14.5
2023,42,0-6,21.7
2023,43,0-6,18.6
2023,44,0-6,17.4
2023,45,0-6,18.6
2023,46,0-6,14.2
2023,47,0-6,23.5
2023,48,0-6,23.3
2023,49,0-6,21.9
2023,50,0-6,24.7
2023,51,0-6,21.5
2023,52,0-6,20.8
2024,1,0-6,23.7
2024,2,0-6,16.8
2024,3,0-6,16.8
2024,4,0-6,13.4
2024,5,0-6,19.6
2024,6,0-6,9.8
2024,7,0-6,12.9
2024,8,0-6,5.4
2024,9,0-6,3.8
2024,10,0-6,8
2024,11,0-6,4.5
2024,12,0-6,3.7
2024,13,0-6,4.3
2024,14,0-6,5.7
2024,15,0-6,5
2024,16,0-6,1.4
2024,17,0-6,1.5
2024,18,0-6,0
2024,19,0-6,0
2024,20,0-6,0
2024,21,0-6,0
2024,22,0-6,1
2024,23,0-6,1
2024,24,0-6,0
2024,25,0-6,0
2024,26,0-6,1
2024,27,0-6,0
2024,28,0-6,1.2
2024,29,0-6,0
2024,30,0-6,0
2024,31,0-6,2.3
2024,32,0-6,2.2
2024,33,0-6,0
2024,34,0-6,1.2
2024,35,0-6,1
2024,36,0-6,0
2024,37,0-6,0
2024,38,0-6,0
2024,39,0-6,0
2024,40,0-6,0
2024,41,0-6,1.2
2024,42,0-6,0
2024,43,0-6,0
2024,44,0-6,0
2024,45,0-6,1.2
2024,46,0-6,3.8
2024,47,0-6,1.1
2024,48,0-6,1.3
2024,49,0-6,4.5
2024,50,0-6,3.1
2024,51,0-6,14
2024,52,0-6,16
2025,1,0-6,36.6
2025,2,0-6,31.8
2025,3,0-6,25
2025,4,0-6,20.2
2025,5,0-6,10
2025,6,0-6,6.1
2025,7,0-6,12
2025,8,0-6,5.7
2025,9,0-6,7.1
2025,10,0-6,8
2025,11,0-6,2.2
2025,12,0-6,4.2
2025,13,0-6,5.3
2025,14,0-6,5.7
2025,15,0-6,5.4
2025,16,0-6,7.4
2025,17,0-6,8.8
2025,18,0-6,3.8
2025,19,0-6,5.4
2025,20,0-6,0
2025,21,0-6,1
2025,22,0-6,1
2025,23,0-6,3.1
2025,24,0-6,0
2025,25,0-6,1.2
2025,26,0-6,0
2025,27,0-6,0
2025,28,0-6,0
2025,29,0-6,0
2025,30,0-6,1.1
2025,31,0-6,1.3
2025,32,0-6,0
2025,33,0-6,0
2025,34,0-6,1.3
2025,35,0-6,1.8
2025,36,0-6,3.8
2025,37,0-6,2.4
2025,38,0-6,2.5
2025,39,0-6,2.9
2025,40,0-6,8.7
2025,41,0-6,5
2025,42,0-6,4.5
2025,43,0-6,14.9
2025,44,0-6,14.2
2025,45,0-6,26.1
2025,46,0-6,34.1
2025,47,0-6,41.7
2025,48,0-6,28.8
2025,49,0-6,23.4
2025,50,0-6,31.7
2025,51,0-6,34.5
2025,52,0-6,25
2022,1,07월 12일,0
2022,2,07월 12일,0
2022,3,07월 12일,0
2022,4,07월 12일,0
2022,5,07월 12일,0
2022,6,07월 12일,0
2022,7,07월 12일,0
2022,8,07월 12일,0
2022,9,07월 12일,0
2022,10,07월 12일,0
2022,11,07월 12일,0
2022,12,07월 12일,0
2022,13,07월 12일,0
2022,14,07월 12일,0
2022,15,07월 12일,0
2022,16,07월 12일,0
2022,17,07월 12일,0
2022,18,07월 12일,0
2022,19,07월 12일,0
2022,20,07월 12일,0
2022,21,07월 12일,0
2022,22,07월 12일,0
2022,23,07월 12일,0
2022,24,07월 12일,0
2022,25,07월 12일,0
2022,26,07월 12일,0
2022,27,07월 12일,0
2022,28,07월 12일,5.3
2022,29,07월 12일,0
2022,30,07월 12일,0
2022,31,07월 12일,0
2022,32,07월 12일,8.3
2022,33,07월 12일,5
2022,34,07월 12일,0
2022,35,07월 12일,14.3
2022,36,07월 12일,6.9
2022,37,07월 12일,6.3
2022,38,07월 12일,0
2022,39,07월 12일,0
2022,40,07월 12일,0
2022,41,07월 12일,0
2022,42,07월 12일,11.8
2022,43,07월 12일,0
2022,44,07월 12일,6.5
2022,45,07월 12일,7.7
2022,46,07월 12일,3.7
2022,47,07월 12일,19.4
2022,48,07월 12일,10
2022,49,07월 12일,5.4
2022,50,07월 12일,20
2022,51,07월 12일,31.6
2022,52,07월 12일,44.4
2022,53,07월 12일,41.7
2023,1,07월 12일,48.1
2023,2,07월 12일,42.4
2023,3,07월 12일,40.6
2023,4,07월 12일,42.9
2023,5,07월 12일,32.1
2023,6,07월 12일,19.5
2023,7,07월 12일,21.2
2023,8,07월 12일,18.9
2023,9,07월 12일,11.5
2023,10,07월 12일,6.3
2023,11,07월 12일,4.7
2023,12,07월 12일,15.2
2023,13,07월 12일,14.6
2023,14,07월 12일,16.1
2023,15,07월 12일,14.3
2023,16,07월 12일,25
2023,17,07월 12일,20.8
2023,18,07월 12일,20.8
2023,19,07월 12일,32.4
2023,20,07월 12일,31.9
2023,21,07월 12일,19
2023,22,07월 12일,33.3
2023,23,07월 12일,16
2023,24,07월 12일,22.5
2023,25,07월 12일,13.7
2023,26,07월 12일,13.7
2023,27,07월 12일,8.2
2023,28,07월 12일,17.1
2023,29,07월 12일,15.8
2023,30,07월 12일,16.7
2023,31,07월 12일,13
2023,32,07월 12일,7.3
2023,33,07월 12일,9.5
2023,34,07월 12일,4.2
2023,35,07월 12일,8.9
2023,36,07월 12일,9.3
2023,37,07월 12일,9.1
2023,38,07월 12일,27.1
2023,39,07월 12일,39.4
2023,40,07월 12일,47.1
2023,41,07월 12일,20.6
2023,42,07월 12일,56.4
2023,43,07월 12일,61.2
2023,44,07월 12일,62.1
2023,45,07월 12일,43.1
2023,46,07월 12일,61.4
2023,47,07월 12일,48.3
2023,48,07월 12일,59.6
2023,49,07월 12일,49.5
2023,50,07월 12일,59.8
2023,51,07월 12일,47.8
2023,52,07월 12일,70.8
2024,1,07월 12일,47.4
2024,2,07월 12일,52.7
2024,3,07월 12일,57.8
2024,4,07월 12일,46.6
2024,5,07월 12일,46.2
2024,6,07월 12일,33.3
2024,7,07월 12일,26.7
2024,8,07월 12일,30.4
2024,9,07월 12일,10.3
2024,10,07월 12일,6.9
2024,11,07월 12일,13.2
2024,12,07월 12일,14.9
2024,13,07월 12일,26.6
2024,14,07월 12일,17.6
2024,15,07월 12일,16.1
2024,16,07월 12일,18.2
2024,17,07월 12일,14.1
2024,18,07월 12일,8.1
2024,19,07월 12일,11.4
2024,20,07월 12일,6.5
2024,21,07월 12일,7.3
2024,22,07월 12일,8.5
2024,23,07월 12일,1.9
2024,24,07월 12일,0
2024,25,07월 12일,0
2024,26,07월 12일,0
2024,27,07월 12일,0
2024,28,07월 12일,0
2024,29,07월 12일,4.4
2024,30,07월 12일,0
2024,31,07월 12일,0
2024,32,07월 12일,1.8
2024,33,07월 12일,2.3
2024,34,07월 12일,0
2024,35,07월 12일,1.8
2024,36,07월 12일,0
2024,37,07월 12일,1.8
2024,38,07월 12일,0
2024,39,07월 12일,2.3
2024,40,07월 12일,0
2024,41,07월 12일,2.1
2024,42,07월 12일,4.6
2024,43,07월 12일,0
2024,44,07월 12일,3.1
2024,45,07월 12일,7.9
2024,46,07월 12일,1.9
2024,47,07월 12일,1.6
2024,48,07월 12일,5.1
2024,49,07월 12일,15.3
2024,50,07월 12일,19.7
2024,51,07월 12일,16.4
2024,52,07월 12일,47.7
2025,1,07월 12일,60
2025,2,07월 12일,53.3
2025,3,07월 12일,59.4
2025,4,07월 12일,39.3
2025,5,07월 12일,18.8
2025,6,07월 12일,10.5
2025,7,07월 12일,16.7
2025,8,07월 12일,23.9
2025,9,07월 12일,28.6
2025,10,07월 12일,27.8
2025,11,07월 12일,30.9
2025,12,07월 12일,32.9
2025,13,07월 12일,33.8
2025,14,07월 12일,45.2
2025,15,07월 12일,50.6
2025,16,07월 12일,60.8
2025,17,07월 12일,57.1
2025,18,07월 12일,43.8
2025,19,07월 12일,23.5
2025,20,07월 12일,19
2025,21,07월 12일,9.1
2025,22,07월 12일,17.1
2025,23,07월 12일,12.1
2025,24,07월 12일,9.1
2025,25,07월 12일,6.7
2025,26,07월 12일,4.4
2025,27,07월 12일,12.5
2025,28,07월 12일,8.8
2025,29,07월 12일,0
2025,30,07월 12일,2.6
2025,31,07월 12일,0
2025,32,07월 12일,2.6
2025,33,07월 12일,0
2025,34,07월 12일,0
2025,35,07월 12일,0
2025,36,07월 12일,4.1
2025,37,07월 12일,2.2
2025,38,07월 12일,2
2025,39,07월 12일,5.2
2025,40,07월 12일,15.6
2025,41,07월 12일,20
2025,42,07월 12일,10.3
2025,43,07월 12일,11.5
2025,44,07월 12일,47.8
2025,45,07월 12일,47.7
2025,46,07월 12일,61.5
2025,47,07월 12일,58.1
2025,48,07월 12일,55.1
2025,49,07월 12일,67.1
2025,50,07월 12일,51.7
2025,51,07월 12일,46.6
2025,52,07월 12일,52.4
2022,1,13-18,0
2022,2,13-18,0
2022,3,13-18,0
2022,4,13-18,0
2022,5,13-18,0
2022,6,13-18,0
2022,7,13-18,0
2022,8,13-18,0
2022,9,13-18,0
2022,10,13-18,0
2022,11,13-18,0
2022,12,13-18,0
2022,13,13-18,0
2022,14,13-18,0
2022,15,13-18,0
2022,16,13-18,0
2022,17,13-18,0
2022,18,13-18,0
2022,19,13-18,0
2022,20,13-18,0
2022,21,13-18,0
2022,22,13-18,0
2022,23,13-18,0
2022,24,13-18,0
2022,25,13-18,0
2022,26,13-18,0
2022,27,13-18,0
2022,28,13-18,5.6
2022,29,13-18,6.7
2022,30,13-18,15.4
2022,31,13-18,0
2022,32,13-18,16.7
2022,33,13-18,10.5
2022,34,13-18,0
2022,35,13-18,0
2022,36,13-18,6.3
2022,37,13-18,0
2022,38,13-18,0
2022,39,13-18,0
2022,40,13-18,0
2022,41,13-18,8.3
2022,42,13-18,0
2022,43,13-18,6.3
2022,44,13-18,15.8
2022,45,13-18,28.6
2022,46,13-18,20
2022,47,13-18,33.3
2022,48,13-18,13.8
2022,49,13-18,31.3
2022,50,13-18,39.4
2022,51,13-18,62.5
2022,52,13-18,60.9
2022,53,13-18,53.6
2023,1,13-18,33.3
2023,2,13-18,23.1
2023,3,13-18,10
2023,4,13-18,0
2023,5,13-18,12.5
2023,6,13-18,18.2
2023,7,13-18,36.4
2023,8,13-18,0
2023,9,13-18,16.7
2023,10,13-18,6.3
2023,11,13-18,5
2023,12,13-18,0
2023,13,13-18,3.2
2023,14,13-18,7.7
2023,15,13-18,9.5
2023,16,13-18,22.2
2023,17,13-18,8.7
2023,18,13-18,5.7
2023,19,13-18,22.2
2023,20,13-18,17.2
2023,21,13-18,27.9
2023,22,13-18,18.2
2023,23,13-18,25
2023,24,13-18,12.5
2023,25,13-18,10
2023,26,13-18,6.3
2023,27,13-18,18.2
2023,28,13-18,8.7
2023,29,13-18,18.2
2023,30,13-18,13.3
2023,31,13-18,12.5
2023,32,13-18,11.1
2023,33,13-18,0
2023,34,13-18,3.8
2023,35,13-18,9.5
2023,36,13-18,10
2023,37,13-18,4.3
2023,38,13-18,19.4
2023,39,13-18,33.3
2023,40,13-18,33.3
2023,41,13-18,37.5
2023,42,13-18,30.8
2023,43,13-18,51.6
2023,44,13-18,44.4
2023,45,13-18,52.5
2023,46,13-18,55.3
2023,47,13-18,52.2
2023,48,13-18,62.3
2023,49,13-18,68.3
2023,50,13-18,51.1
2023,51,13-18,47.2
2023,52,13-18,51.3
2024,1,13-18,77.1
2024,2,13-18,58.6
2024,3,13-18,42.9
2024,4,13-18,30.8
2024,5,13-18,39.1
2024,6,13-18,23.5
2024,7,13-18,30
2024,8,13-18,12.5
2024,9,13-18,12.5
2024,10,13-18,0
2024,11,13-18,15.4
2024,12,13-18,11.5
2024,13,13-18,9.9
2024,14,13-18,19.1
2024,15,13-18,14.7
2024,16,13-18,2.6
2024,17,13-18,3.4
2024,18,13-18,4.8
2024,19,13-18,3.7
2024,20,13-18,0
2024,21,13-18,12.5
2024,22,13-18,3.6
2024,23,13-18,9.7
2024,24,13-18,4
2024,25,13-18,0
2024,26,13-18,0
2024,27,13-18,0
2024,28,13-18,0
2024,29,13-18,0
2024,30,13-18,0
2024,31,13-18,0
2024,32,13-18,3.2
2024,33,13-18,0
2024,34,13-18,0
2024,35,13-18,0
2024,36,13-18,0
2024,37,13-18,0
2024,38,13-18,0
2024,39,13-18,0
2024,40,13-18,0
2024,41,13-18,0
2024,42,13-18,3
2024,43,13-18,2.9
2024,44,13-18,0
2024,45,13-18,0
2024,46,13-18,8.6
2024,47,13-18,0
2024,48,13-18,14.9
2024,49,13-18,16.7
2024,50,13-18,27.9
2024,51,13-18,46.8
2024,52,13-18,77.2
2025,1,13-18,68
2025,2,13-18,50
2025,3,13-18,44.4
2025,4,13-18,38.5
2025,5,13-18,30
2025,6,13-18,30.8
2025,7,13-18,27.3
2025,8,13-18,23.1
2025,9,13-18,43.8
2025,10,13-18,16.7
2025,11,13-18,34.4
2025,12,13-18,41.4
2025,13,13-18,50.7
2025,14,13-18,44.7
2025,15,13-18,63.8
2025,16,13-18,50
2025,17,13-18,61.5
2025,18,13-18,46.9
2025,19,13-18,36
2025,20,13-18,25
2025,21,13-18,2.9
2025,22,13-18,2.3
2025,23,13-18,12
2025,24,13-18,3
2025,25,13-18,0
2025,26,13-18,0
2025,27,13-18,0
2025,28,13-18,0
2025,29,13-18,5
2025,30,13-18,5
2025,31,13-18,7.7
2025,32,13-18,0
2025,33,13-18,0
2025,34,13-18,0
2025,35,13-18,0
2025,36,13-18,2.9
2025,37,13-18,0
2025,38,13-18,0
2025,39,13-18,0
2025,40,13-18,13.6
2025,41,13-18,42.9
2025,42,13-18,14.3
2025,43,13-18,8.3
2025,44,13-18,20
2025,45,13-18,42.3
2025,46,13-18,49
2025,47,13-18,42
2025,48,13-18,51.4
2025,49,13-18,50.9
2025,50,13-18,55.1
2025,51,13-18,57.4
2025,52,13-18,36.7
2022,1,19-49,0
2022,2,19-49,0
2022,3,19-49,0
2022,4,19-49,0
2022,5,19-49,0
2022,6,19-49,0
2022,7,19-49,0
2022,8,19-49,0
2022,9,19-49,0
2022,10,19-49,0
2022,11,19-49,0
2022,12,19-49,0
2022,13,19-49,0
2022,14,19-49,0
2022,15,19-49,0
2022,16,19-49,0
2022,17,19-49,0
2022,18,19-49,11.1
2022,19,19-49,0
2022,20,19-49,0
2022,21,19-49,0
2022,22,19-49,0
2022,23,19-49,0
2022,24,19-49,0
2022,25,19-49,0
2022,26,19-49,0
2022,27,19-49,0
2022,28,19-49,8.7
2022,29,19-49,13
2022,30,19-49,3.7
2022,31,19-49,4.5
2022,32,19-49,3.6
2022,33,19-49,3.4
2022,34,19-49,0
2022,35,19-49,8.7
2022,36,19-49,0
2022,37,19-49,6.3
2022,38,19-49,0
2022,39,19-49,6.9
2022,40,19-49,8
2022,41,19-49,4.8
2022,42,19-49,0
2022,43,19-49,6.1
2022,44,19-49,0
2022,45,19-49,8.7
2022,46,19-49,10.2
2022,47,19-49,24.5
2022,48,19-49,20.5
2022,49,19-49,19.3
2022,50,19-49,12.2
2022,51,19-49,30.6
2022,52,19-49,51.7
2022,53,19-49,44.3
2023,1,19-49,37.8
2023,2,19-49,29.2
2023,3,19-49,9.4
2023,4,19-49,15.4
2023,5,19-49,2.1
2023,6,19-49,11.8
2023,7,19-49,2.3
2023,8,19-49,6.3
2023,9,19-49,11.9
2023,10,19-49,10
2023,11,19-49,2.3
2023,12,19-49,6.1
2023,13,19-49,14.3
2023,14,19-49,2.2
2023,15,19-49,5.9
2023,16,19-49,11.9
2023,17,19-49,9.6
2023,18,19-49,11.9
2023,19,19-49,7.1
2023,20,19-49,24.4
2023,21,19-49,26.1
2023,22,19-49,30
2023,23,19-49,14.3
2023,24,19-49,11.1
2023,25,19-49,0
2023,26,19-49,2.8
2023,27,19-49,8.3
2023,28,19-49,2
2023,29,19-49,5.9
2023,30,19-49,15.4
2023,31,19-49,4.2
2023,32,19-49,4.8
2023,33,19-49,0
2023,34,19-49,0
2023,35,19-49,3.8
2023,36,19-49,5.4
2023,37,19-49,5.6
2023,38,19-49,10.5
2023,39,19-49,18.8
2023,40,19-49,11.8
2023,41,19-49,28
2023,42,19-49,8.9
2023,43,19-49,22
2023,44,19-49,21.3
2023,45,19-49,23.7
2023,46,19-49,25
2023,47,19-49,25.6
2023,48,19-49,46.8
2023,49,19-49,54.3
2023,50,19-49,59.2
2023,51,19-49,42.6
2023,52,19-49,48.5
2024,1,19-49,40.8
2024,2,19-49,42.9
2024,3,19-49,32.3
2024,4,19-49,30.9
2024,5,19-49,30.6
2024,6,19-49,17
2024,7,19-49,28.6
2024,8,19-49,16.2
2024,9,19-49,13
2024,10,19-49,8.7
2024,11,19-49,7.4
2024,12,19-49,10.5
2024,13,19-49,5.4
2024,14,19-49,2.2
2024,15,19-49,6
2024,16,19-49,9.3
2024,17,19-49,1.5
2024,18,19-49,1.3
2024,19,19-49,5.1
2024,20,19-49,4.3
2024,21,19-49,0
2024,22,19-49,0
2024,23,19-49,0
2024,24,19-49,0
2024,25,19-49,0
2024,26,19-49,0
2024,27,19-49,1.8
2024,28,19-49,0
2024,29,19-49,0
2024,30,19-49,0
2024,31,19-49,1.8
2024,32,19-49,2.1
2024,33,19-49,1
2024,34,19-49,0
2024,35,19-49,2.6
2024,36,19-49,1.6
2024,37,19-49,0
2024,38,19-49,7.1
2024,39,19-49,0
2024,40,19-49,0
2024,41,19-49,4.2
2024,42,19-49,0
2024,43,19-49,3.3
2024,44,19-49,0
2024,45,19-49,1.3
2024,46,19-49,4.6
2024,47,19-49,2.4
2024,48,19-49,4.7
2024,49,19-49,13.4
2024,50,19-49,21.3
2024,51,19-49,44.3
2024,52,19-49,63
2025,1,19-49,69.1
2025,2,19-49,62.5
2025,3,19-49,46.5
2025,4,19-49,43.2
2025,5,19-49,37.1
2025,6,19-49,23.9
2025,7,19-49,21.2
2025,8,19-49,19
2025,9,19-49,12.2
2025,10,19-49,11.1
2025,11,19-49,27.4
2025,12,19-49,11.9
2025,13,19-49,20
2025,14,19-49,25.3
2025,15,19-49,20.2
2025,16,19-49,18.3
2025,17,19-49,18.8
2025,18,19-49,14.7
2025,19,19-49,10.5
2025,20,19-49,17.1
2025,21,19-49,17.1
2025,22,19-49,2.8
2025,23,19-49,5.2
2025,24,19-49,2.9
2025,25,19-49,2.6
2025,26,19-49,0
2025,27,19-49,3.6
2025,28,19-49,0
2025,29,19-49,0
2025,30,19-49,0
2025,31,19-49,2.4
2025,32,19-49,0
2025,33,19-49,0
2025,34,19-49,2.6
2025,35,19-49,1.1
2025,36,19-49,1.2
2025,37,19-49,0
2025,38,19-49,3.3
2025,39,19-49,1.2
2025,40,19-49,3
2025,41,19-49,3.6
2025,42,19-49,10.8
2025,43,19-49,14.9
2025,44,19-49,14.9
2025,45,19-49,39.3
2025,46,19-49,31.7
2025,47,19-49,48.9
2025,48,19-49,49.3
2025,49,19-49,37.7
2025,50,19-49,47.2
2025,51,19-49,44.9
2025,52,19-49,47.7
2022,1,50-64,0
2022,2,50-64,0
2022,3,50-64,0
2022,4,50-64,0
2022,5,50-64,0
2022,6,50-64,0
2022,7,50-64,0
2022,8,50-64,0
2022,9,50-64,0
2022,10,50-64,0
2022,11,50-64,0
2022,12,50-64,0
2022,13,50-64,0
2022,14,50-64,0
2022,15,50-64,0
2022,16,50-64,0
2022,17,50-64,0
2022,18,50-64,0
2022,19,50-64,0
2022,20,50-64,0
2022,21,50-64,0
2022,22,50-64,0
2022,23,50-64,0
2022,24,50-64,0
2022,25,50-64,0
2022,26,50-64,0
2022,27,50-64,0
2022,28,50-64,5.9
2022,29,50-64,0
2022,30,50-64,0
2022,31,50-64,0
2022,32,50-64,0
2022,33,50-64,8.3
2022,34,50-64,0
2022,35,50-64,0
2022,36,50-64,0
2022,37,50-64,0
2022,38,50-64,0
2022,39,50-64,6.3
2022,40,50-64,5.6
2022,41,50-64,0
2022,42,50-64,0
2022,43,50-64,0
2022,44,50-64,0
2022,45,50-64,8.3
2022,46,50-64,0
2022,47,50-64,7.7
2022,48,50-64,4.5
2022,49,50-64,3.7
2022,50,50-64,7.7
2022,51,50-64,16
2022,52,50-64,6.5
2022,53,50-64,28.1
2023,1,50-64,15.2
2023,2,50-64,12.8
2023,3,50-64,10
2023,4,50-64,10
2023,5,50-64,7.4
2023,6,50-64,9.5
2023,7,50-64,3.8
2023,8,50-64,4.2
2023,9,50-64,0
2023,10,50-64,0
2023,11,50-64,0
2023,12,50-64,0
2023,13,50-64,8.3
2023,14,50-64,3.2
2023,15,50-64,0
2023,16,50-64,2.3
2023,17,50-64,6.7
2023,18,50-64,6.1
2023,19,50-64,4.3
2023,20,50-64,20
2023,21,50-64,11.1
2023,22,50-64,12.5
2023,23,50-64,5.6
2023,24,50-64,14.7
2023,25,50-64,10.7
2023,26,50-64,0
2023,27,50-64,5
2023,28,50-64,3.7
2023,29,50-64,5
2023,30,50-64,9.1
2023,31,50-64,8.3
2023,32,50-64,8.3
2023,33,50-64,0
2023,34,50-64,5
2023,35,50-64,9.5
2023,36,50-64,6.7
2023,37,50-64,0
2023,38,50-64,15.4
2023,39,50-64,21.1
2023,40,50-64,30
2023,41,50-64,18.8
2023,42,50-64,14.8
2023,43,50-64,19.2
2023,44,50-64,21.4
2023,45,50-64,24.1
2023,46,50-64,24.5
2023,47,50-64,25.6
2023,48,50-64,40.5
2023,49,50-64,44.4
2023,50,50-64,48.9
2023,51,50-64,50
2023,52,50-64,26.5
2024,1,50-64,40.5
2024,2,50-64,28.6
2024,3,50-64,23.9
2024,4,50-64,22.5
2024,5,50-64,9.8
2024,6,50-64,15.6
2024,7,50-64,11.1
2024,8,50-64,2.1
2024,9,50-64,0
2024,10,50-64,2
2024,11,50-64,2.2
2024,12,50-64,4.2
2024,13,50-64,2
2024,14,50-64,2.5
2024,15,50-64,0
2024,16,50-64,3.7
2024,17,50-64,3.6
2024,18,50-64,10.8
2024,19,50-64,7.5
2024,20,50-64,0
2024,21,50-64,3.1
2024,22,50-64,3.2
2024,23,50-64,0
2024,24,50-64,0
2024,25,50-64,0
2024,26,50-64,0
2024,27,50-64,0
2024,28,50-64,0
2024,29,50-64,3.7
2024,30,50-64,5
2024,31,50-64,1.8
2024,32,50-64,0
2024,33,50-64,1.8
2024,34,50-64,1.6
2024,35,50-64,2.4
2024,36,50-64,0
2024,37,50-64,0
2024,38,50-64,0
2024,39,50-64,0
2024,40,50-64,0
2024,41,50-64,5.9
2024,42,50-64,2.9
2024,43,50-64,0
2024,44,50-64,0
2024,45,50-64,5.6
2024,46,50-64,2.6
2024,47,50-64,2.6
2024,48,50-64,5.1
2024,49,50-64,6.7
2024,50,50-64,16.7
2024,51,50-64,34.8
2024,52,50-64,75.4
2025,1,50-64,81.7
2025,2,50-64,70.4
2025,3,50-64,60
2025,4,50-64,45.3
2025,5,50-64,33.3
2025,6,50-64,14.3
2025,7,50-64,13
2025,8,50-64,5.1
2025,9,50-64,9.3
2025,10,50-64,15.4
2025,11,50-64,8.6
2025,12,50-64,5.1
2025,13,50-64,10.2
2025,14,50-64,0
2025,15,50-64,6.3
2025,16,50-64,6.5
2025,17,50-64,3
2025,18,50-64,7.5
2025,19,50-64,4.8
2025,20,50-64,5.1
2025,21,50-64,2.6
2025,22,50-64,2.5
2025,23,50-64,0
2025,24,50-64,0
2025,25,50-64,0
2025,26,50-64,3.3
2025,27,50-64,0
2025,28,50-64,3.2
2025,29,50-64,0
2025,30,50-64,2.8
2025,31,50-64,0
2025,32,50-64,0
2025,33,50-64,2.5
2025,34,50-64,0
2025,35,50-64,2.2
2025,36,50-64,0
2025,37,50-64,1.7
2025,38,50-64,0
2025,39,50-64,4.2
2025,40,50-64,3
2025,41,50-64,0
2025,42,50-64,6
2025,43,50-64,2.4
2025,44,50-64,5
2025,45,50-64,28.6
2025,46,50-64,23.3
2025,47,50-64,50
2025,48,50-64,33.3
2025,49,50-64,23.9
2025,50,50-64,38.6
2025,51,50-64,27.7
2025,52,50-64,17.4
2022,1,65이상,0
2022,2,65이상,0
2022,3,65이상,0
2022,4,65이상,0
2022,5,65이상,0
2022,6,65이상,0
2022,7,65이상,0
2022,8,65이상,0
2022,9,65이상,0
2022,10,65이상,0
2022,11,65이상,0
2022,12,65이상,0
2022,13,65이상,0
2022,14,65이상,0
2022,15,65이상,0
2022,16,65이상,0
2022,17,65이상,0
2022,18,65이상,0
2022,19,65이상,0
2022,20,65이상,0
2022,21,65이상,0
2022,22,65이상,0
2022,23,65이상,0
2022,24,65이상,0
2022,25,65이상,0
2022,26,65이상,0
2022,27,65이상,0
2022,28,65이상,0
2022,29,65이상,0
2022,30,65이상,0
2022,31,65이상,0
2022,32,65이상,0
2022,33,65이상,0
2022,34,65이상,0
2022,35,65이상,0
2022,36,65이상,0
2022,37,65이상,0
2022,38,65이상,8.3
2022,39,65이상,0
2022,40,65이상,0
2022,41,65이상,0
2022,42,65이상,0
2022,43,65이상,0
2022,44,65이상,0
2022,45,65이상,0
2022,46,65이상,0
2022,47,65이상,4.5
2022,48,65이상,6.3
2022,49,65이상,0
2022,50,65이상,3.7
2022,51,65이상,11.1
2022,52,65이상,8
2022,53,65이상,6.3
2023,1,65이상,22.7
2023,2,65이상,25.9
2023,3,65이상,12.5
2023,4,65이상,16.7
2023,5,65이상,6.9
2023,6,65이상,0
2023,7,65이상,3.4
2023,8,65이상,3.4
2023,9,65이상,3.6
2023,10,65이상,0
2023,11,65이상,0
2023,12,65이상,0
2023,13,65이상,0
2023,14,65이상,4.5
2023,15,65이상,0
2023,16,65이상,2.6
2023,17,65이상,3.6
2023,18,65이상,4
2023,19,65이상,0
2023,20,65이상,12.1
2023,21,65이상,2.8
2023,22,65이상,15.4
2023,23,65이상,0
2023,24,65이상,0
2023,25,65이상,0
2023,26,65이상,11.5
2023,27,65이상,0
2023,28,65이상,4.3
2023,29,65이상,10.5
2023,30,65이상,11.1
2023,31,65이상,8
2023,32,65이상,9.7
2023,33,65이상,0
2023,34,65이상,10
2023,35,65이상,5.3
2023,36,65이상,3.3
2023,37,65이상,3.7
2023,38,65이상,3.1
2023,39,65이상,10.7
2023,40,65이상,0
2023,41,65이상,3.8
2023,42,65이상,11.1
2023,43,65이상,21.1
2023,44,65이상,17.4
2023,45,65이상,12.5
2023,46,65이상,22.5
2023,47,65이상,18.2
2023,48,65이상,22.2
2023,49,65이상,35.9
2023,50,65이상,39.5
2023,51,65이상,33.3
2023,52,65이상,33.3
2024,1,65이상,24.3
2024,2,65이상,16.7
2024,3,65이상,14.3
2024,4,65이상,12.1
2024,5,65이상,8.2
2024,6,65이상,9.1
2024,7,65이상,5.7
2024,8,65이상,3.1
2024,9,65이상,1.9
2024,10,65이상,1.6
2024,11,65이상,0
2024,12,65이상,2
2024,13,65이상,0
2024,14,65이상,4
2024,15,65이상,2
2024,16,65이상,0
2024,17,65이상,0
2024,18,65이상,2.6
2024,19,65이상,0
2024,20,65이상,2.1
2024,21,65이상,3.8
2024,22,65이상,0
2024,23,65이상,2.4
2024,24,65이상,0
2024,25,65이상,2.7
2024,26,65이상,2.2
2024,27,65이상,0
2024,28,65이상,0
2024,29,65이상,0
2024,30,65이상,1.9
2024,31,65이상,0
2024,32,65이상,2.9
2024,33,65이상,1.2
2024,34,65이상,0
2024,35,65이상,0
2024,36,65이상,0
2024,37,65이상,0
2024,38,65이상,0
2024,39,65이상,0
2024,40,65이상,4.2
2024,41,65이상,0
2024,42,65이상,0
2024,43,65이상,3.3
2024,44,65이상,0
2024,45,65이상,0
2024,46,65이상,0
2024,47,65이상,0
2024,48,65이상,0
2024,49,65이상,0
2024,50,65이상,11.3
2024,51,65이상,19.4
2024,52,65이상,43.6
2025,1,65이상,58.9
2025,2,65이상,62.8
2025,3,65이상,51.4
2025,4,65이상,39.3
2025,5,65이상,18.8
2025,6,65이상,4.8
2025,7,65이상,6.4
2025,8,65이상,6.3
2025,9,65이상,7.1
2025,10,65이상,6.1
2025,11,65이상,6.1
2025,12,65이상,4
2025,13,65이상,1.9
2025,14,65이상,0
2025,15,65이상,1.9
2025,16,65이상,4.7
2025,17,65이상,0
2025,18,65이상,0
2025,19,65이상,0
2025,20,65이상,2.2
2025,21,65이상,0
2025,22,65이상,0
2025,23,65이상,3
2025,24,65이상,0
2025,25,65이상,0
2025,26,65이상,0
2025,27,65이상,0
2025,28,65이상,2.8
2025,29,65이상,0
2025,30,65이상,0
2025,31,65이상,2.3
2025,32,65이상,0
2025,33,65이상,0
2025,34,65이상,2.1
2025,35,65이상,0
2025,36,65이상,1.9
2025,37,65이상,2.4
2025,38,65이상,2.1
2025,39,65이상,4.5
2025,40,65이상,1.8
2025,41,65이상,0
2025,42,65이상,2.1
2025,43,65이상,7.3
2025,44,65이상,7.1
2025,45,65이상,22.4
2025,46,65이상,17
2025,47,65이상,18.6
2025,48,65이상,36.1
2025,49,65이상,22.7
2025,50,65이상,20
2025,51,65이상,21.3
2025,52,65이상,20.4
